nome,email,data_nascimento
Anthony Smith,bakerthomas@yahoo.com,1978-02-14
William Hodges,imoore@gmail.com,1978-06-03
Scott Landry,christine35@lozano-castaneda.com,1992-08-13
Christina Luna,karenwallace@dean.biz,1949-07-18
Patrick Johnson,moraleslindsay@hughes-green.com,1944-11-16
Chelsea Munoz,richard56@hotmail.com,1951-09-19
Lawrence Hill,aprilbowen@hotmail.com,1995-08-14
Paul White,margaret29@yahoo.com,1989-05-14
Brad Yoder,carolyn39@hotmail.com,1952-07-14
Megan Carroll,ggreen@gmail.com,1967-11-06
Benjamin Ayala,anthony63@yahoo.com,1949-03-29
Patrick Davis,duffytiffany@yahoo.com,1949-01-25
Kaitlyn Kelly,dana31@jones-armstrong.com,1968-12-24
Heather Hurley,pamelaparker@gmail.com,1958-05-20
Lisa Aguilar,meghanparker@yahoo.com,2000-10-31
Timothy Rodriguez,charlescampbell@ellis.info,1983-11-08
Matthew Gross,kevin80@acosta-snyder.net,1968-07-01
Sharon Sullivan,umartin@hotmail.com,1998-01-25
Jeffrey Hardy,freynolds@waters.com,2000-10-10
Paul Morgan,gomezsteven@hotmail.com,1958-02-16
Theodore Lyons,sophia39@gmail.com,1970-04-02
Judy Hernandez,jamesbarron@gmail.com,1994-05-03
Mark Burns,reedpaul@yahoo.com,1944-01-08
Tracey Harris,john50@gmail.com,1998-05-30
Robin Hernandez,bartonbrian@gmail.com,1967-09-19
William Parker,adamsdavid@hotmail.com,1967-06-22
Susan Mills,cheyennefranklin@powell.com,1947-04-10
Cassandra Chase,jenniferdean@hotmail.com,1964-04-01
Patrick Bruce,hgreen@hotmail.com,1952-10-20
Ryan Hill,johnnylopez@esparza.com,2005-02-12
Danny Orozco,rogerbrown@hotmail.com,1967-09-04
Sabrina Turner,christopher28@gmail.com,1989-04-15
Timothy Carter,christian62@hotmail.com,1962-01-22
Gary Morales,ythomas@gmail.com,1946-03-27
Norman Rivera,nelsonsherry@bryant.info,1983-08-12
Pamela Sanchez,angelicanelson@smith.com,1965-06-18
Dr. Kevin Henderson DDS,osbornecolleen@smith.com,2002-06-22
Jeffrey Butler,wmorgan@gmail.com,2002-08-19
Daniel Jimenez,hernandezmiguel@yahoo.com,1979-11-03
Jennifer Church,donna13@hutchinson.biz,1992-10-04
Breanna Martin,bjohnston@moss.org,1981-06-25
Michael Scott,lindsayjohnson@short-johnson.org,1953-11-25
Amy Brewer,richardpowell@gmail.com,1968-11-22
John Davis,everettscott@barnett-johnson.com,1989-11-02
Sarah Jones,clinerachel@yahoo.com,1994-06-10
Joshua Martin,cwhite@mitchell.net,1944-05-21
Dawn Davis,thomascharlotte@hotmail.com,1973-01-28
Mr. Kent Calderon,michael53@yahoo.com,1960-04-13
David Bryant,michelle77@yahoo.com,1955-01-28
Taylor Sweeney,brownjoshua@bradford.com,1985-10-27
